filename,desc
Заявление о политике Ростехнадзора в отношении развития расчетного моделирования процессов влияющих на безопасность объектов использ.rtf,"Заявление о политике Ростехнадзора в отношении развития расчетного моделирования процессов, влияющих на безопасность объектов использования атомной энергии и (или) видов деятельности в области использования атомной энергии (утв. Ростехнадзором)"
Заявление Банка России от 15 01 2021.rtf,Заявление Банка России от 15.01.2021 О приверженности принципам Глобального кодекса валютного рынка
Заявление о выполнении внутригосударственных процедур необходимых для вступления в силу Договора о Таможенном кодексе Евразийского эк.rtf,"Заявление о выполнении внутригосударственных процедур, необходимых для вступления в силу Договора о Таможенном кодексе Евразийского экономического союза от 11 апреля 2017 года"
Заявление о выполнении внутригосударственных процедур необходимых для вступления в силу Договора о Евразийском экономическом союзе от.rtf,"Заявление о выполнении внутригосударственных процедур, необходимых для вступления в силу Договора о Евразийском экономическом союзе от 29 мая 2014 года"
Заявление официального представителя МИД России А К Лукашевича в связи с ратификацией Протокола о присоединении России к Марракешскому.rtf,Заявление официального представителя МИД России А.К. Лукашевича в связи с ратификацией Протокола о присоединении России к Марракешскому соглашению об учреждении Всемирной торговой организации от 16 декабря 2011 г.
Заявление Правительства РФ N 1472п П13 Банка России N 01 001 1280 от 05 04 2011.rtf,"Заявление Правительства РФ N 1472п-П13, Банка России N 01-001/1280 от 05.04.2011 О Стратегии развития банковского сектора Российской Федерации на период до 2015 года"
Заявление Минспорттуризма РФ Ростуризма.rtf,"Заявление Минспорттуризма РФ, Ростуризма О поездках российских туристов в Арабскую Республику Египет"
Заявление Правительства РФ.rtf,Заявление Правительства РФ <О выполнении обязательств по внешнему долгу>
Заявление Совета Федерации ФС РФ от 03 10 1995 N 589 1 СФ.rtf,Заявление Совета Федерации ФС РФ от 03.10.1995 N 589-1 СФ О проведении Референдума Российской Федерации