filename,desc
Договор об общих условиях проведения депозитных операций.rtf,Договор об общих условиях проведения депозитных операций (утв. Банком России 26.02.2024)
Договор об открытии безотзывной кредитной линии.rtf,Договор об открытии безотзывной кредитной линии (утв. Банком России)
Единый договор об оказании транспортных услуг ОАО РЖД.rtf,Единый договор об оказании транспортных услуг ОАО РЖД (ред. от 12.01.2024) (утв. распоряжением ОАО РЖД от 28.03.2016 N 525р)
Договор счета цифрового рубля между оператором платформы цифрового рубля и пользователем платформы цифрового рубля.rtf,Договор счета цифрового рубля между оператором платформы цифрового рубля и пользователем платформы цифрового рубля (приложение к письму Банка России) (ред. от 01.01.2024)
Договор о взаимодействии с аккредитованным банком по вопросам подготовки к проведению выплаты гарантийного возмещения.rtf,"Договор о взаимодействии с аккредитованным банком по вопросам подготовки к проведению выплаты гарантийного возмещения (утв. решением Правления ГК Агентство по страхованию вкладов от 30.03.2023, протокол N 25, раздел VII)"
Договор между Российской Федерацией и Республикой Беларусь об общих принципах налогообложения по косвенным налогам.rtf,Договор между Российской Федерацией и Республикой Беларусь об общих принципах налогообложения по косвенным налогам (Подписан в г. Москве 03.10.2022) (вместе с <Нотой> МИД России от 30.12.2022 N 22722/2дснг)
Договор о Евразийском экономическом союзе.rtf,Договор о Евразийском экономическом союзе (Подписан в г. Астане 29.05.2014) (ред. от 09.12.2022)
Договор между Российской Федерацией и Донецкой Народной Республикой о принятии в Российскую Федерацию Донецкой Народной Республики и о.rtf,Договор между Российской Федерацией и Донецкой Народной Республикой о принятии в Российскую Федерацию Донецкой Народной Республики и образовании в составе Российской Федерации нового субъекта (Подписан в г. Москве 30.09.2022)
Договор между Российской Федерацией и Херсонской областью о принятии в Российскую Федерацию Херсонской области и образовании в составе.rtf,Договор между Российской Федерацией и Херсонской областью о принятии в Российскую Федерацию Херсонской области и образовании в составе Российской Федерации нового субъекта (Подписан в г. Москве 30.09.2022)
Договор между Российской Федерацией и Луганской Народной Республикой о принятии в Российскую Федерацию Луганской Народной Республики .rtf,Договор между Российской Федерацией и Луганской Народной Республикой о принятии в Российскую Федерацию Луганской Народной Республики и образовании в составе Российской Федерации нового субъекта (Подписан в г. Москве 30.09.2022)
Договор между Российской Федерацией и Запорожской областью о принятии в Российскую Федерацию Запорожской области и образовании в соста.rtf,Договор между Российской Федерацией и Запорожской областью о принятии в Российскую Федерацию Запорожской области и образовании в составе Российской Федерации нового субъекта (Подписан в г. Москве 30.09.2022)
Договор между Российской Федерацией и Сирийской Арабской Республикой о взаимной правовой помощи по уголовным делам.rtf,Договор между Российской Федерацией и Сирийской Арабской Республикой о взаимной правовой помощи по уголовным делам (подписан в г. Санкт-Петербурге 29.06.2022)
Форма договора об участии в операциях по предоставлению и погашению кредитов Банка России обеспеченных ценными бумагами или правами тр.rtf,"Форма договора об участии в операциях по предоставлению и погашению кредитов Банка России, обеспеченных ценными бумагами или правами требования по кредитным договорам (приложение 2 к приказу Банка России от 24.12.2019 N ОД-2967) (ред. от 20.06.2022)"
Договор между Российской Федерацией и Республикой Беларусь о гармонизации таможенного законодательства Российской Федерации и Респуб.rtf,"Договор между Российской Федерацией и Республикой Беларусь о гармонизации таможенного законодательства Российской Федерации и Республики Беларусь и сотрудничестве в таможенной сфере (Подписан в г. Москве 28.02.2022, г. Минске 04.03.2022)"
Договор о противодействии легализации отмыванию доходов полученных преступным путем и финансированию терроризма при перемещении нали.rtf,"Договор о противодействии легализации (отмыванию) доходов, полученных преступным путем, и финансированию терроризма при перемещении наличных денежных средств и (или) денежных инструментов через таможенную границу Таможенного союза (Подписан в г. Москве 19.12.2011) (ред. от 20.07.2021)"
Договор о присоединении Республики Армения к Договору о Евразийском экономическом союзе от 29 мая 2014 года.rtf,Договор о присоединении Республики Армения к Договору о Евразийском экономическом союзе от 29 мая 2014 года (Подписан в г. Минске 10.10.2014) (ред. от 14.04.2020)
Договор о товарных знаках знаках обслуживания и наименованиях мест происхождения товаров Евразийского экономического союза.rtf,"Договор о товарных знаках, знаках обслуживания и наименованиях мест происхождения товаров Евразийского экономического союза (Подписан в г. Москве 03.02.2020)"
Договор между Российской Федерацией и Республикой Индонезией о взаимной правовой помощи по уголовным делам.rtf,Договор между Российской Федерацией и Республикой Индонезией о взаимной правовой помощи по уголовным делам (Подписан в г. Москве 13.12.2019)
Договор о присоединении Кыргызской Республики к Договору о Евразийском экономическом союзе от 29 мая 2014 года.rtf,"Договор о присоединении Кыргызской Республики к Договору о Евразийском экономическом союзе от 29 мая 2014 года (Подписан в г. Москве 23.12.2014) (ред. от 01.10.2019) (вместе с Протоколом об исправлении текста Договора о присоединении Кыргызской Республики к Договору о Евразийском экономическом союзе от 29 мая 2014 года, подписанного в г. Москве 23 декабря 2014 г. (Подписан в г. Москве 02.03.2015))"
Договор между Российской Федерацией и Королевством Камбоджа о взаимной правовой помощи по уголовным делам.rtf,Договор между Российской Федерацией и Королевством Камбоджа о взаимной правовой помощи по уголовным делам (Подписан в г. Пномпене 26.09.2019)
Договор о взаимодействии с аккредитованным банком по вопросам подготовки к проведению выплаты возмещения по вкладам.rtf,"Договор о взаимодействии с аккредитованным банком по вопросам подготовки к проведению выплаты возмещения по вкладам (утв. решением Правления ГК Агентство по страхованию вкладов от 07.02.2005, протокол N 9) (с изм. от 11.04.2019)"
Договор корреспондентского счета субсчета между Банком России и кредитной организацией ее филиалом.rtf,Договор корреспондентского счета (субсчета) между Банком России и кредитной организацией (ее филиалом) (ред. от 12.12.2018) (приложение 1 к письму Банка России от 30.03.2018 N 04-45/2288)
Договор между Российской Федерацией и Республикой Намибией о взаимной правовой помощи по уголовным делам.rtf,Договор между Российской Федерацией и Республикой Намибией о взаимной правовой помощи по уголовным делам (Подписан в г. Виндхуке 08.10.2018)
Договор об обмене электронными сообщениями при переводе денежных средств в рамках платежной системы Банка России.rtf,Договор об обмене электронными сообщениями при переводе денежных средств в рамках платежной системы Банка России (приложение 1 к письму Банка России от 05.04.2018 N 04-45/2470)
Договор между Российской Федерацией и Республикой Филиппины о взаимной правовой помощи по уголовным делам.rtf,Договор между Российской Федерацией и Республикой Филиппины о взаимной правовой помощи по уголовным делам (Подписан в г. Маниле 13.11.2017)
Договор между СССР и Алжирской Народной Демократической Республикой о взаимном оказании правовой помощи.rtf,Договор между СССР и Алжирской Народной Демократической Республикой о взаимном оказании правовой помощи (подписан в г. Алжире 23.02.1982) (ред. от 10.10.2017)
Договор о Таможенном кодексе Евразийского экономического союза.rtf,Договор о Таможенном кодексе Евразийского экономического союза (Подписан в г. Москве 11.04.2017)
Договор между Российской Федерацией и Исламской Республикой Иран о правовой помощи и правовых отношениях по гражданским и уголовным де.rtf,Договор между Российской Федерацией и Исламской Республикой Иран о правовой помощи и правовых отношениях по гражданским и уголовным делам (подписан в г. Тегеране 05.03.1996) (ред. от 28.03.2017)
Агентский договор.rtf,"Агентский договор (утв. решением Правления ГК Агентство по страхованию вкладов от 31.03.2016, протокол N 42)"
Договор между Российской Федерацией и Корейской Народно Демократической Республикой о взаимной правовой помощи по уголовным делам.rtf,Договор между Российской Федерацией и Корейской Народно-Демократической Республикой о взаимной правовой помощи по уголовным делам (Подписан в г. Пхеньяне 17.11.2015)
Договор между Российской Федерацией и Республикой Абхазия о взаимной правовой помощи по уголовным делам.rtf,Договор между Российской Федерацией и Республикой Абхазия о взаимной правовой помощи по уголовным делам (Подписан в г. Санкт-Петербурге 28.05.2015)
Договор между Российской Федерацией и Демократической Социалистической Республикой Шри Ланка о взаимной правовой помощи по уголовным .rtf,Договор между Российской Федерацией и Демократической Социалистической Республикой Шри-Ланка о взаимной правовой помощи по уголовным делам (Подписан в г. Санкт-Петербурге 28.05.2015)
Договор между Российской Федерацией и Турецкой Республикой о взаимной правовой помощи по уголовным делам и выдаче.rtf,Договор между Российской Федерацией и Турецкой Республикой о взаимной правовой помощи по уголовным делам и выдаче (Подписан в г. Анкаре 01.12.2014)
Договор между Российской Федерацией и Республикой Южная Осетия о взаимной правовой помощи по уголовным делам.rtf,Договор между Российской Федерацией и Республикой Южная Осетия о взаимной правовой помощи по уголовным делам (Подписан в г. Москве 14.10.2014)
Договор об особенностях уголовной и административной ответственности за нарушения таможенного законодательства таможенного союза и г.rtf,Договор об особенностях уголовной и административной ответственности за нарушения таможенного законодательства таможенного союза и государств - членов таможенного союза (подписан в г. Астане 05.07.2010) (ред. от 10.10.2014)
Договор между Российской Федерацией и Аргентинской Республикой о взаимной правовой помощи по уголовным делам.rtf,Договор между Российской Федерацией и Аргентинской Республикой о взаимной правовой помощи по уголовным делам (Подписан в г. Буэнос-Айресе 12.07.2014)
Договор между Российской Федерацией и Республикой Крым о принятии в Российскую Федерацию Республики Крым и образовании в составе Росси.rtf,Договор между Российской Федерацией и Республикой Крым о принятии в Российскую Федерацию Республики Крым и образовании в составе Российской Федерации новых субъектов (Подписан в г. Москве 18.03.2014)
Договор о Евразийской экономической комиссии.rtf,Договор о Евразийской экономической комиссии (Подписан в г. Москве 18.11.2011)
Договор о зоне свободной торговли.rtf,Договор о зоне свободной торговли (Подписан в г. Санкт-Петербурге 18.10.2011)
Договор о функционировании Таможенного союза в рамках многосторонней торговой системы.rtf,Договор о функционировании Таможенного союза в рамках многосторонней торговой системы (подписан в г. Минске 19.05.2011)
Договор о Комиссии таможенного союза.rtf,Договор о Комиссии таможенного союза (подписан в г. Душанбе 06.10.2007) (ред. от 09.12.2010)
Договор между Российской Федерацией и Республикой Казахстан от 28 05 2010.rtf,Договор между Российской Федерацией и Республикой Казахстан от 28.05.2010 (ред. от 18.06.2010) О применении международных договоров в рамках формирования таможенного союза
Договор между Российской Федерацией и Республикой Колумбией о взаимной правовой помощи по уголовным делам.rtf,Договор между Российской Федерацией и Республикой Колумбией о взаимной правовой помощи по уголовным делам (Подписан в г. Москве 06.04.2010)
Договор между Российской Федерацией и Японией о взаимной правовой помощи по уголовным делам.rtf,Договор между Российской Федерацией и Японией о взаимной правовой помощи по уголовным делам (подписан в г. Токио 12.05.2009)
Договор между Российской Федерацией и Республикой Панама о взаимной правовой помощи по уголовным делам.rtf,Договор между Российской Федерацией и Республикой Панама о взаимной правовой помощи по уголовным делам (подписан в г. Панаме 30.04.2009)
Договор о создании единой таможенной территории и формировании таможенного союза.rtf,Договор о создании единой таможенной территории и формировании таможенного союза (подписан в г. Душанбе 06.10.2007)
Договор между Российской Федерацией и Республикой Ангола о взаимной правовой помощи по уголовным делам.rtf,Договор между Российской Федерацией и Республикой Ангола о взаимной правовой помощи по уголовным делам (подписан в г. Москве 31.10.2006)
Договор между РФ и Республикой Беларусь от 24 01 2006.rtf,Договор между РФ и Республикой Беларусь от 24.01.2006 О сотрудничестве в области социального обеспечения
Договор между Российской Федерацией и Мексиканскими Соединенными Штатами о взаимной правовой помощи по уголовным делам.rtf,Договор между Российской Федерацией и Мексиканскими Соединенными Штатами о взаимной правовой помощи по уголовным делам (подписан в г. Москве 21.06.2005)
Договор между Российской Федерацией и Социалистической Республикой Вьетнам о правовой помощи и правовых отношениях по гражданским и уг.rtf,Договор между Российской Федерацией и Социалистической Республикой Вьетнам о правовой помощи и правовых отношениях по гражданским и уголовным делам (подписан в г. Москве 25.08.1998) (ред. от 23.07.2003)
Договор между Правительством Российской Федерации и Правительством Республики Болгарии о поощрении и взаимной защите капиталовложени.rtf,Договор между Правительством Российской Федерации и Правительством Республики Болгарии о поощрении и взаимной защите капиталовложений (подписан в г. Софии 08.06.1993) (ред. от 02.03.2003)
Договор между Российской Федерацией и Монголией о правовой помощи и правовых отношениях по гражданским и уголовным делам.rtf,Договор между Российской Федерацией и Монголией о правовой помощи и правовых отношениях по гражданским и уголовным делам (ред. от 12.09.2002) (подписан в г. Улан-Баторе 20.04.1999)
Договор между Российской Федерацией и Аргентинской Республикой о сотрудничестве и правовой помощи по гражданским торговым трудовым и а.rtf,"Договор между Российской Федерацией и Аргентинской Республикой о сотрудничестве и правовой помощи по гражданским, торговым, трудовым и административным делам (подписан в г. Москве 20.11.2000)"
Договор между Российской Федерацией и Республикой Индией о правовой помощи и правовых отношениях по гражданским и торговым делам.rtf,Договор между Российской Федерацией и Республикой Индией о правовой помощи и правовых отношениях по гражданским и торговым делам (подписан в г. Нью-Дели 03.10.2000)
Договор между РФ и Республикой Беларусь от 08 12 1999.rtf,Договор между РФ и Республикой Беларусь от 08.12.1999 О создании Союзного государства
Договор между Российской Федерацией и Соединенными Штатами Америки о взаимной правовой помощи по уголовным делам.rtf,Договор между Российской Федерацией и Соединенными Штатами Америки о взаимной правовой помощи по уголовным делам (подписан в г. Москве 17.06.1999)
Договор между Российской Федерацией и Республикой Корея о взаимной правовой помощи по уголовным делам.rtf,Договор между Российской Федерацией и Республикой Корея о взаимной правовой помощи по уголовным делам (подписан в г. Москве 28.05.1999)
Договор между РФ и Республикой Беларусь от 25 12 1998.rtf,Договор между РФ и Республикой Беларусь от 25.12.1998 О равных правах граждан
Договор между Российской Федерацией и Республикой Индией о взаимной правовой помощи по уголовным делам.rtf,Договор между Российской Федерацией и Республикой Индией о взаимной правовой помощи по уголовным делам (подписан в г. Дели 21.12.1998)
Договор между Российской Федерацией и Канадой о взаимной правовой помощи по уголовным делам.rtf,Договор между Российской Федерацией и Канадой о взаимной правовой помощи по уголовным делам (подписан в г. Москве 20.10.1997)
Договор между Российской Федерацией и Арабской Республикой Египет о взаимной правовой помощи и правовых отношениях по гражданским комм.rtf,"Договор между Российской Федерацией и Арабской Республикой Египет о взаимной правовой помощи и правовых отношениях по гражданским, коммерческим и семейным делам (подписан в г. Москве 23.09.1997)"
Договор между РФ и Республикой Беларусь от 02 04 1997.rtf,Договор между РФ и Республикой Беларусь от 02.04.1997 О Союзе Беларуси и России
Договор между Российской Федерацией и Республикой Польша о правовой помощи и правовых отношениях по гражданским и уголовным делам.rtf,Договор между Российской Федерацией и Республикой Польша о правовой помощи и правовых отношениях по гражданским и уголовным делам (подписан в г. Варшаве 16.09.1996)
Примерный договор аренды земельных долей при множественности лиц на стороне арендодателей.rtf,Примерный договор аренды земельных долей при множественности лиц на стороне арендодателей (утв. Роскомземом 16.05.1996) (Зарегистрировано в Минюсте РФ 27.05.1996 N 1094)
Примерный договор аренды земельной доли.rtf,Примерный договор аренды земельной доли (утв. Роскомземом 16.05.1996) (Зарегистрировано в Минюсте РФ 27.05.1996 N 1093)
Договор стран СНГ от 23 12 1993.rtf,Договор стран СНГ от 23.12.1993 О проведении согласованной антимонопольной политики (вместе с Положением о межгосударственном совете по антимонопольной политике)
Договор стран СНГ от 24 09 1993.rtf,Договор стран СНГ от 24.09.1993 О создании Экономического союза
Типовой договор купли  продажи купчая земельного участка.rtf,Типовой договор купли - продажи (купчая) земельного участка (утв. Роскомземом 02.06.1993 N 1-16/770 ) (Зарегистрировано в Минюсте РФ 10.06.1993 N 275)
Договор о создании Международной финансовой корпорации статьи соглашения Международной финансовой корпорации.rtf,Договор о создании Международной финансовой корпорации (статьи соглашения Международной финансовой корпорации) (с изм. и доп. от 28.04.1993) (вместе с Подписками на акции Международной финансовой корпорации)
Договор между Российской Федерацией и Республикой Молдова о правовой помощи и правовых отношениях по гражданским семейным и уголовным .rtf,"Договор между Российской Федерацией и Республикой Молдова о правовой помощи и правовых отношениях по гражданским, семейным и уголовным делам (подписан в г. Москве 25.02.1993)"
Договор между Российской Федерацией и Латвийской Республикой о правовой помощи и правовых отношениях по гражданским семейным и уголовн.rtf,"Договор между Российской Федерацией и Латвийской Республикой о правовой помощи и правовых отношениях по гражданским, семейным и уголовным делам (подписан в г. Риге 03.02.1993)"
Договор между Российской Федерацией и Эстонской Республикой о правовой помощи и правовых отношениях по гражданским семейным и уголовны.rtf,"Договор между Российской Федерацией и Эстонской Республикой о правовой помощи и правовых отношениях по гражданским, семейным и уголовным делам (подписан в г. Москве 26.01.1993)"
Договор между Российской Федерацией и Азербайджанской Республикой о правовой помощи и правовых отношениях по гражданским семейным и уг.rtf,"Договор между Российской Федерацией и Азербайджанской Республикой о правовой помощи и правовых отношениях по гражданским, семейным и уголовным делам (подписан в г. Москве 22.12.1992)"
Договор между РФ и Республикой Кыргызстан от 14 09 1992.rtf,"Договор между РФ и Республикой Кыргызстан от 14.09.1992 О правовой помощи и правовых отношениях по гражданским, семейным и уголовным делам"
Типовой договор купли  продажи земельного участка при приватизации государственных и муниципальных предприятий расширении и дополните.rtf,"Типовой договор купли - продажи земельного участка при приватизации государственных и муниципальных предприятий, расширении и дополнительном строительстве этих предприятий, а также предоставленного гражданам и их объединениям для предпринимательской деятельности (утв. Роскомземом N 5-10/2125 10.08.1992, Госкомимуществом РФ N ПМ-9/5132 11.08.1992) (Зарегистрировано в Минюсте РФ 25.08.1992 N 44)"
Договор между Российской Федерацией и Литовской Республикой о правовой помощи и правовых отношениях по гражданским семейным и уголовны.rtf,"Договор между Российской Федерацией и Литовской Республикой о правовой помощи и правовых отношениях по гражданским, семейным и уголовным делам (подписан в г. Вильнюсе 21.07.1992)"
Договор между Российской Федерацией и Китайской Народной Республикой о правовой помощи по гражданским и уголовным делам.rtf,Договор между Российской Федерацией и Китайской Народной Республикой о правовой помощи по гражданским и уголовным делам (подписан в г. Пекине 19.06.1992)
Договор между Российской Федерацией и Соединенными Штатами Америки об избежании двойного налогообложения и предотвращении уклонения о.rtf,Договор между Российской Федерацией и Соединенными Штатами Америки об избежании двойного налогообложения и предотвращении уклонения от налогообложения в отношении налогов на доходы и капитал (Подписан в г. Вашингтоне 17.06.1992)
Договор между СССР и Королевством Испании о правовой помощи по гражданским делам.rtf,Договор между СССР и Королевством Испании о правовой помощи по гражданским делам (подписан в г. Мадриде 26.10.1990)
Договор Союза Советских Социалистических Республик и Федеративной Республики Германии о содействии осуществлению и взаимной защите ка.rtf,Договор Союза Советских Социалистических Республик и Федеративной Республики Германии о содействии осуществлению и взаимной защите капиталовложений (вместе с Протоколом к Договору Союза Советских Социалистических Республик и Федеративной Республики Германии о содействии осуществлению и взаимной защите капиталовложений) (подписан в г. Бонне 13.06.1989)
Договор между СССР и Народной Демократической Республикой Йемен о правовой помощи по гражданским и уголовным делам.rtf,Договор между СССР и Народной Демократической Республикой Йемен о правовой помощи по гражданским и уголовным делам (подписан в г. Москве 06.12.1985)
Договор между СССР и Республикой Куба о правовой помощи по гражданским семейным и уголовным делам.rtf,"Договор между СССР и Республикой Куба о правовой помощи по гражданским, семейным и уголовным делам (подписан в г. Гаване 28.11.1984)"
Договор между СССР и Тунисской Республикой о правовой помощи по гражданским и уголовным делам.rtf,Договор между СССР и Тунисской Республикой о правовой помощи по гражданским и уголовным делам (подписан в г. Москве 26.06.1984)
Договор между Союзом Советских Социалистических Республик и Республикой Кипр о правовой помощи по гражданским и уголовным делам.rtf,Договор между Союзом Советских Социалистических Республик и Республикой Кипр о правовой помощи по гражданским и уголовным делам (подписан в г. Москве 19.01.1984)
Договор между СССР и Чехословацкой Социалистической Республикой о правовой помощи и правовых отношениях по гражданским семейным и угол.rtf,"Договор между СССР и Чехословацкой Социалистической Республикой о правовой помощи и правовых отношениях по гражданским, семейным и уголовным делам (подписан в г. Москве 12.08.1982)"
Договор между СССР и Социалистической Республикой Вьетнам о правовой помощи по гражданским семейным и уголовным делам.rtf,"Договор между СССР и Социалистической Республикой Вьетнам о правовой помощи по гражданским, семейным и уголовным делам (подписан в г. Москве 10.12.1981)"
Договор между Союзом Советских Социалистических Республик и Греческой Республикой о правовой помощи по гражданским и уголовным делам.rtf,Договор между Союзом Советских Социалистических Республик и Греческой Республикой о правовой помощи по гражданским и уголовным делам (подписан в г. Афины 21.05.1981)
Договор между Союзом Советских Социалистических Республик и Финляндской Республикой о правовой защите и правовой помощи по граждански.rtf,"Договор между Союзом Советских Социалистических Республик и Финляндской Республикой о правовой защите и правовой помощи по гражданским, семейным и уголовным делам (подписан в г. Хельсинки 11.08.1978) (вместе с Протоколом к Договору о правовой защите и правовой помощи по гражданским, семейным и уголовным делам, подписанному между Союзом Советских Социалистических Республик и Финляндской Республикой в Хельсинки 11 августа 1978 года от 11.08.1978)"
Договор между Союзом Советских Социалистических Республик и Народной Республикой Болгарией о правовой помощи по гражданским семейным .rtf,"Договор между Союзом Советских Социалистических Республик и Народной Республикой Болгарией о правовой помощи по гражданским, семейным и уголовным делам (подписан в г. Москве 19.02.1975)"
Договор о взаимном оказании правовой помощи между Союзом Советских Социалистических Республик и Иракской Республикой.rtf,Договор о взаимном оказании правовой помощи между Союзом Советских Социалистических Республик и Иракской Республикой (подписан в г. Москве 22.06.1973)
Договор между Союзом Советских Социалистических Республик и Венгерской Народной Республикой об оказании правовой помощи по граждански.rtf,"Договор между Союзом Советских Социалистических Республик и Венгерской Народной Республикой об оказании правовой помощи по гражданским, семейным и уголовным делам (подписан в г. Москве 15.07.1958) (ред. от 19.10.1971) (вместе с Протоколом к Договору об оказании правовой помощи по гражданским, семейным и уголовным делам, подписанному между Союзом Советских Социалистических Республик и Венгерской Народной Республикой в Москве 15 июля 1958 года от 15.07.1958)"