filename,desc
Решение Совета директоров Банка России от 21 11 2022.rtf,"Решение Совета директоров Банка России от 21.11.2022 (ред. от 28.03.2024) Об установлении режима счетов типа С для проведения расчетов и осуществления (исполнения) сделок (операций), на которые распространяется порядок исполнения обязательств, предусмотренный Указом Президента Российской Федерации от 5 марта 2022 года N 95 О временном порядке исполнения обязательств перед некоторыми иностранными кредиторами"
Решение Совета директоров Банка России от 28 03 2024.rtf,Решение Совета директоров Банка России от 28.03.2024 О внесении изменений в решение Совета директоров Банка России от 21 ноября 2022 года (в части изменения режима счетов типа С)
Решение Совета директоров Банка России от 10 02 2023.rtf,"Решение Совета директоров Банка России от 10.02.2023 (ред. от 27.03.2024) О сроке принятия управляющей компанией решения об изменении типа паевого инвестиционного фонда, в состав активов которого входят заблокированные активы, или о выделении таких активов в дополнительный фонд, о требованиях к правилам доверительного управления дополнительным фондом и к изменениям и дополнениям в правила доверительного управления паевым инвестиционным фондом, в состав активов которого входят заблокированные активы, а также о требованиях к деятельности управляющих компаний, лиц, осуществляющих ведение реестра владельцев инвестиционных паев, и депозитариев"
Решение Совета директоров Банка России от 27 03 2024.rtf,"Решение Совета директоров Банка России от 27.03.2024 О внесении изменений в решение Совета директоров Банка России от 26 декабря 2023 года об установлении порядка и сроков взаимодействия управляющих компаний паевых инвестиционных фондов с организатором торгов в целях совершения сделок (операций) с иностранными ценными бумагами и сделок (операций), необходимых для их совершения, а также требований к деятельности управляющих компаний паевых инвестиционных фондов, специализированных депозитариев паевых инвестиционных фондов, профессиональных участников рынка ценных бумаг, осуществляющих деятельность по управлению ценными бумагами, деятельность по ведению реестра и депозитарную деятельность в части совершения таких сделок (операций)"
Решение Совета директоров Банка России от 22 03 2024.rtf,Решение Совета директоров Банка России от 22.03.2024 О коэффициентах по операциям с участием кредитной организации - центрального контрагента
Решение Совета директоров Банка России от 15 03 2024.rtf,"Решение Совета директоров Банка России от 15.03.2024 Об установлении периода, в течение которого не подлежит применению ограничение значения полной стоимости потребительского кредита (займа)"
Решение Совета Директоров Банка России от 07 03 2024.rtf,Решение Совета Директоров Банка России от 07.03.2024 О комиссии при выдаче физическим лицам наличной иностранной валюты
Решение Рабочей группы Банка России от 06 03 2024 N ПРГ 12 3 534.rtf,"Решение Рабочей группы Банка России от 06.03.2024 N ПРГ-12-3/534 По рассмотрению вопросов выдачи разрешений на осуществление (исполнение) операций (сделок), в отношении которых в связи с недружественными действиями иностранных государств установлены запреты (ограничения) на их совершение"
Решение Комиссии Таможенного союза от 15 07 2011 N 728.rtf,"Решение Комиссии Таможенного союза от 15.07.2011 N 728 (ред. от 01.03.2024) О порядке применения освобождения от уплаты таможенных пошлин при ввозе отдельных категорий товаров на единую таможенную территорию Таможенного союза (с изм. и доп., вступ. в силу с 31.03.2024)"
Решение Комиссии Таможенного союза от 27 11 2009 N 130.rtf,"Решение Комиссии Таможенного союза от 27.11.2009 N 130 (ред. от 01.03.2024) О едином таможенно-тарифном регулировании Евразийского экономического союза (с изм. и доп., вступ. в силу с 31.03.2024)"
Решение Совета Евразийской экономической комиссии от 01 03 2024 N 12.rtf,Решение Совета Евразийской экономической комиссии от 01.03.2024 N 12 Об установлении ставок ввозных таможенных пошлин Единого таможенного тарифа Евразийского экономического союза в отношении отдельных видов смол эпоксидных и полиуретанов в первичных формах для производства волокон оптических
Решение Совета Евразийской экономической комиссии от 01 03 2024 N 13.rtf,Решение Совета Евразийской экономической комиссии от 01.03.2024 N 13 О внесении изменений в некоторые решения Комиссии Таможенного союза в отношении пряжи из джутовых волокон или других текстильных лубяных волокон
Решение Совета Евразийской экономической комиссии от 01 03 2024 N 14.rtf,Решение Совета Евразийской экономической комиссии от 01.03.2024 N 14 Об установлении ставки ввозной таможенной пошлины Единого таможенного тарифа Евразийского экономического союза в отношении оксидов титана
Решение Коллегии Евразийской экономической комиссии от 27 02 2024 N 13.rtf,"Решение Коллегии Евразийской экономической комиссии от 27.02.2024 N 13 О порядке введения в действие изменений, внесенных в технические регламенты Таможенного союза (Евразийского экономического союза) Решением Совета Евразийской экономической комиссии от 23 июня 2023 г. N 70"
Решение Коллегии Евразийской экономической комиссии от 27 02 2024 N 14.rtf,Решение Коллегии Евразийской экономической комиссии от 27.02.2024 N 14 О порядке введения в действие изменений в технический регламент Таможенного союза Технический регламент на масложировую продукцию (ТР ТС 024/2011)
Решение Совета директоров Банка России от 16 02 2024.rtf,Решение Совета директоров Банка России от 16.02.2024 О требованиях к деятельности организаторов торговли
Решение Евразийского межправительственного совета от 10 04 2020 N 2.rtf,"Решение Евразийского межправительственного совета от 10.04.2020 N 2 (ред. от 02.02.2024) О внесении изменения в Решение Евразийского межправительственного совета от 12 августа 2016 г. N 5 и о применении сертификата о происхождении серийной продукции (вместе с Требованиями по заполнению сертификата о происхождении серийной продукции, Порядком выдачи и контроля использования сертификата о происхождении серийной продукции)"
Решение Евразийского межправительственного совета от 02 02 2024 N 1.rtf,"Решение Евразийского межправительственного совета от 02.02.2024 N 1 О внесении изменения в перечень произведенных на территории Республики Казахстан товаров, в отношении которых допускается использование сертификата о происхождении серийной продукции"
Решение Совета Евразийской экономической комиссии от 30 11 2016 N 159.rtf,Решение Совета Евразийской экономической комиссии от 30.11.2016 N 159 (ред. от 26.01.2024) Об утверждении Единых правил и норм обеспечения карантина растений
Решение Коллегии Евразийской экономической комиссии от 27 12 2023 N 189.rtf,"Решение Коллегии Евразийской экономической комиссии от 27.12.2023 N 189 Об установлении ставки ввозной таможенной пошлины Единого таможенного тарифа Евразийского экономического союза в отношении руд и концентратов марганцевых, включая железистые марганцевые руды и концентраты с содержанием марганца 20 мас.% или более в пересчете на сухой продукт"
Решение Совета директоров Банка России от 26 12 2023.rtf,Решение Совета директоров Банка России от 26.12.2023 О требованиях к деятельности держателей реестра владельцев ценных бумаг в части открытия и ведения ими лицевых счетов отдельных нерезидентов
Решение Суда Евразийского экономического союза от 26 12 2023.rtf,"Решение Суда Евразийского экономического союза от 26.12.2023 <Об оставлении без изменения Решения Суда Евразийского экономического союза от 23.10.2023 N С-5/23, которым пункт 1 решения Коллегии ЕЭК от 28.09.2022 N 131 О классификации ирригатора полости рта и ручки для ирригатора полости рта в соответствии с единой Товарной номенклатурой внешнеэкономической деятельности Евразийского экономического союза признан соответствующим Договору о ЕАЭС от 29.05.2014 и международным договорам в рамках ЕАЭС>"
Решение Высшего Евразийского экономического совета от 23 12 2014 N 110.rtf,"Решение Высшего Евразийского экономического совета от 23.12.2014 N 110 (ред. от 25.12.2023) Об утверждении перечня секторов (подсекторов) услуг, в которых функционирует единый рынок услуг в рамках Евразийского экономического союза"
Решение Высшего Евразийского экономического совета от 25 12 2023 N 18.rtf,"Решение Высшего Евразийского экономического совета от 25.12.2023 N 18 Об утверждении размера пошлины, уплачиваемой хозяйствующими субъектами при обращении в Суд Евразийского экономического союза"
Решение Совета директоров Банка России от 22 12 2023.rtf,Решение Совета директоров Банка России от 22.12.2023 О подходах к оценке кредитного риска в целях формирования резервов на возможные потери
Решение от 19122023 по делу  А32 10820 2022.rtf,Решение от 19 декабря 2023 г. по делу № А32-10820/2022
Решение от 25122023 по делу  А40 156073 2023.rtf,Решение от 25 декабря 2023 г. по делу № А40-156073/2023
Решение от 18122023 по делу  А83 19230 2021.rtf,Решение от 18 декабря 2023 г. по делу № А83-19230/2021
Решение от 30112023 по делу  А75 13559 2023.rtf,Решение от 30 ноября 2023 г. по делу № А75-13559/2023
Решение от 15112023 по делу  А57 12319 2023.rtf,Решение от 15 ноября 2023 г. по делу № А57-12319/2023
Решение  12 27 2023 21 157 2023 от 30102023 по делу  12 27 2023.rtf,Решение № 12-27/2023 21-157/2023 от 30 октября 2023 г. по делу № 12-27/2023
Решение  3А 206 2023 3А 206 2023 М 193 2023 М 193 2023 от 30102023 по делу  3А 206 2023.rtf,Решение № 3А-206/2023 3А-206/2023~М-193/2023 М-193/2023 от 30 октября 2023 г. по делу № 3А-206/2023
Решение  77 1334 2023 от 30102023 по делу  77 1334 2023.rtf,Решение № 77-1334/2023 от 30 октября 2023 г. по делу № 77-1334/2023
Решение  7 584 2023 от 30102023 по делу  7 584 2023.rtf,Решение № 7-584/2023 от 30 октября 2023 г. по делу № 7-584/2023
Решение  21 382 2023 от 30102023 по делу  21 382 2023.rtf,Решение № 21-382/2023 от 30 октября 2023 г. по делу № 21-382/2023
Решение  7 281 2023 от 30102023 по делу  7 281 2023.rtf,Решение № 7-281/2023 от 30 октября 2023 г. по делу № 7-281/2023
Решение от 18072017 по делу  2 1253 2017.rtf,Решение от 18 июля 2017 г. по делу № 2-1253/2017
Решение от 18072017 по делу  2 695 2017.rtf,Решение от 18 июля 2017 г. по делу № 2-695/2017
Решение от 18072017 по делу  2 895 2017.rtf,Решение от 18 июля 2017 г. по делу № 2-895/2017
Решение от 18072017 по делу  2 3005 2017.rtf,Решение от 18 июля 2017 г. по делу № 2-3005/2017