filename,desc
Приказ Росстандарта от 04 04 2024 N 883.rtf,"Приказ Росстандарта от 04.04.2024 N 883 О внесении изменений в Перечень документов в области стандартизации, в результате применения которых на добровольной основе обеспечивается соблюдение требований Федерального закона от 22 июля 2008 г. N 123-ФЗ Технический регламент о требованиях пожарной безопасности, утвержденный приказом Федерального агентства по техническому регулированию и метрологии от 13 февраля 2023 г. N 318"
Приказ Минпромторга России от 18 10 2022 N 4381.rtf,"Приказ Минпромторга России от 18.10.2022 N 4381 (ред. от 03.04.2024) Об организации работы по использованию государственной информационной системы в области противодействия коррупции Посейдон и определении должностных лиц, уполномоченных на работу с ней, в Министерстве промышленности и торговли Российской Федерации (вместе с Порядком использования государственной информационной системы в области противодействия коррупции Посейдон в Министерстве промышленности и торговли Российской Федерации)"
Приказ Минпромторга России от 03 04 2024 N 1426.rtf,"Приказ Минпромторга России от 03.04.2024 N 1426 О внесении изменения в приказ Министерства промышленности и торговли Российской Федерации от 18 октября 2022 г. N 4381 Об организации работы по использованию государственной информационной системы в области противодействия коррупции Посейдон и определении должностных лиц, уполномоченных на работу с ней, в Министерстве промышленности и торговли Российской Федерации"
Приказ Минтранса России от 18 02 2021 N 43.rtf,Приказ Минтранса России от 18.02.2021 N 43 (ред. от 01.04.2024) О реконструкции морского грузового постоянного многостороннего пункта пропуска через государственную границу Российской Федерации в морском порту Ванино (Хабаровский край)
Приказ Росстата от 31 07 2023 N 364.rtf,"Приказ Росстата от 31.07.2023 N 364 (ред. от 01.04.2024) Об утверждении форм федерального статистического наблюдения для организации федерального статистического наблюдения за внутренней и внешней торговлей, платными услугами населению и транспортом"
Приказ Минтранса России от 01 04 2024 N 102.rtf,Приказ Минтранса России от 01.04.2024 N 102 О внесении изменения в приказ Министерства транспорта Российской Федерации от 18 февраля 2021 г. N 43 О реконструкции морского грузового постоянного многостороннего пункта пропуска через государственную границу Российской Федерации в морском порту Ванино (Хабаровский край)
Приказ Росстата от 01 04 2024 N 126.rtf,Приказ Росстата от 01.04.2024 N 126 О внесении изменений в приказ Федеральной службы государственной статистики от 31 июля 2023 г. N 364
Приказ Росстата от 01 04 2024 N 125.rtf,Приказ Росстата от 01.04.2024 N 125 Об утверждении Указаний по заполнению формы федерального статистического наблюдения N П-6 Сведения о финансовых вложениях и обязательствах
Приказ ФНС России от 01 04 2024 N ЕД 7 19 264.rtf,"Приказ ФНС России от 01.04.2024 N ЕД-7-19/264@ Об утверждении перечня документов, направляемых индивидуальным предпринимателем через интерактивный сервис Личный кабинет налогоплательщика - индивидуального предпринимателя"
Приказ Минстроя России от 01 04 2024 N 229 пр.rtf,Приказ Минстроя России от 01.04.2024 N 229/пр О внесении изменения в приказ Министерства строительства и жилищно-коммунального хозяйства Российской Федерации от 6 октября 2023 г. N 725/пр
Приказ Росстата от 05 12 2023 N 623.rtf,Приказ Росстата от 05.12.2023 N 623 (ред. от 29.03.2024) Об утверждении форм федерального статистического наблюдения для организации федерального статистического наблюдения за состоянием экономики и социальной сферы муниципального образования
Приказ Росстата от 29 03 2024 N 124.rtf,Приказ Росстата от 29.03.2024 N 124 О внесении изменений в приказ Росстата от 5 декабря 2023 г. N 623
Приказ Росстата от 29 03 2024 N 119.rtf,Приказ Росстата от 29.03.2024 N 119 Об утверждении ведомственного плана Федеральной службы государственной статистики по реализации Концепции открытости федеральных органов исполнительной власти на 2024 год
Приказ ФТС России от 29 03 2024 N 299.rtf,"Приказ ФТС России от 29.03.2024 N 299 О включении в Реестр банков, обладающих правом выдачи банковских гарантий, ПАО БАНК УРАЛСИБ"
Приказ Росстандарта от 29 03 2024 N 381 ст.rtf,Приказ Росстандарта от 29.03.2024 N 381-ст Об утверждении Изменения 24/2024 ОКЕИ к Общероссийскому классификатору единиц измерения
Приказ Росстандарта от 29 03 2024 N 382 ст.rtf,Приказ Росстандарта от 29.03.2024 N 382-ст Об утверждении Изменения 162/2024 ОКУД к Общероссийскому классификатору управленческой документации
Приказ Минэкономразвития России от 29 03 2024 N 183.rtf,Приказ Минэкономразвития России от 29.03.2024 N 183 О внесении сведений в единый федеральный реестр туроператоров
Приказ ФНС России от 10 11 2023 N ЕА 7 8 842.rtf,"Приказ ФНС России от 10.11.2023 N ЕА-7-8/842@ (ред. от 28.03.2024) Об осуществлении бюджетных полномочий главного администратора доходов федерального бюджета Федеральной налоговой службой, администраторов доходов федерального бюджета Федеральной налоговой службой, территориальными органами Федеральной налоговой службы, Федеральным казенным учреждением Налог-Сервис Федеральной налоговой службы (г. Москва)"
Приказ Росстата от 28 03 2024 N 117.rtf,Приказ Росстата от 28.03.2024 N 117 О внесении изменений в приказ Федеральной службы государственной статистики от 26 января 2024 г. N 31
Приказ ФНС России от 28 03 2024 N ЕД 7 8 246.rtf,Приказ ФНС России от 28.03.2024 N ЕД-7-8/246@ О внесении изменений в приказ ФНС России от 10.11.2023 N ЕА-7-8/842@
Приказ Минэкономразвития России от 28 03 2024 N 179.rtf,Приказ Минэкономразвития России от 28.03.2024 N 179 Об исключении сведений о туроператорах из единого федерального реестра туроператоров
Приказ Росстата от 26 01 2024 N 31.rtf,Приказ Росстата от 26.01.2024 N 31 (ред. от 28.03.2024) Об утверждении Плана научно-исследовательских работ Федеральной службы государственной статистики на 2024 - 2026 годы и Плана разработки и утверждения Федеральной службой государственной статистики официальной статистической методологии и указаний по заполнению форм федеральных статистических наблюдений на 2024 год
Приказ ФНС России от 09 11 2010 N ММВ 7 6 535.rtf,Приказ ФНС России от 09.11.2010 N ММВ-7-6/535@ (ред. от 27.03.2024) Об утверждении Унифицированного формата транспортного контейнера при информационном взаимодействии с приемными комплексами налоговых органов по телекоммуникационным каналам связи с использованием электронной цифровой подписи
Приказ Минтранса России от 16 03 2021 N 77.rtf,Приказ Минтранса России от 16.03.2021 N 77 (ред. от 27.03.2024) Об утверждении Положения о Департаменте финансов Министерства транспорта Российской Федерации
Приказ Минфина России от 10 12 2021 N 557.rtf,"Приказ Минфина России от 10.12.2021 N 557 (ред. от 27.03.2024) Об утверждении индикативных показателей федерального государственного пробирного надзора и индикативных показателей постоянного государственного контроля (надзора) в отношении организаций, осуществляющих сортировку, первичную классификацию и первичную оценку драгоценных камней"
Приказ ГФС России от 27 03 2024 N 84.rtf,"Приказ ГФС России от 27.03.2024 N 84 Об утверждении требований к закупаемым Государственной фельдъегерской службой Российской Федерации и территориальными органами ГФС России отдельным видам товаров, работ, услуг, их потребительским свойствам (в том числе качеству) и иным характеристикам (в том числе предельным ценам товаров, работ, услуг) к ним"
Приказ Генпрокуратуры России от 27 03 2024 N 230.rtf,Приказ Генпрокуратуры России от 27.03.2024 N 230 Об утверждении Порядка прохождения диспансеризации и медицинских осмотров военнослужащими органов военной прокуратуры
Приказ Минтранса России от 27 03 2024 N 99.rtf,"Приказ Минтранса России от 27.03.2024 N 99 О внесении изменений в Положение о Департаменте финансов Министерства транспорта Российской Федерации, утвержденное приказом Министерства транспорта Российской Федерации от 16 марта 2021 г. N 77"
Приказ Минфина России от 27 03 2024 N 119.rtf,Приказ Минфина России от 27.03.2024 N 119 О внесении изменений в приложение N 2 к приказу Министерства финансов Российской Федерации от 10 декабря 2021 г. N 557
Приказ Минэкономразвития России от 27 03 2024 N 178.rtf,Приказ Минэкономразвития России от 27.03.2024 N 178 Об утверждении Положения об Управлении специальных программ и проектов Министерства экономического развития Российской Федерации
Приказ Росприроднадзора от 17 11 2017 N 550.rtf,Приказ Росприроднадзора от 17.11.2017 N 550 (ред. от 26.03.2024) О включении объектов размещения отходов в государственный реестр объектов размещения отходов
Приказ Росрыболовства от 21 04 2022 N 225.rtf,"Приказ Росрыболовства от 21.04.2022 N 225 (ред. от 26.03.2024) Об утверждении порядка работы и состава Единой комиссии по осуществлению закупок товаров, работ, услуг для нужд Федерального агентства по рыболовству (вместе с Положением о Единой комиссии по осуществлению закупок товаров, работ, услуг для нужд Федерального агентства по рыболовству)"
Приказ Росстата от 31 07 2023 N 363.rtf,"Приказ Росстата от 31.07.2023 N 363 (ред. от 26.03.2024) Об утверждении форм федерального статистического наблюдения для организации федерального статистического наблюдения за деятельностью в сфере образования, науки и инноваций"
Приказ Ространснадзора от 15 12 2020 N ВБ 870фс.rtf,"Приказ Ространснадзора от 15.12.2020 N ВБ-870фс (ред. от 26.03.2024) Об утверждении перечня нормативных правовых актов (их отдельных положений), содержащих обязательные требования, оценка соблюдения которых осуществляется в рамках государственного контроля (надзора), привлечения к административной ответственности"
Приказ Минэкономразвития России от 25 03 2024 N 170.rtf,Приказ Минэкономразвития России от 25.03.2024 N 170 Об отказе во внесении сведений в единый федеральный реестр туроператоров
Приказ Росстата от 25 03 2024 N 108.rtf,"Приказ Росстата от 25.03.2024 N 108 Об утверждении Официальной статистической методологии формирования официальной статистической информации о числе ярмарок и торговых мест в них, в том числе по муниципальным образованиям"
Приказ Росприроднадзора от 25 03 2024 N 146.rtf,Приказ Росприроднадзора от 25.03.2024 N 146 Об исключении объектов размещения отходов из государственного реестра объектов размещения отходов
Приказ Росжелдора от 09 08 2017 N 293.rtf,Приказ Росжелдора от 09.08.2017 N 293 (ред. от 22.03.2024) Об открытии железнодорожной станции Голованово Свердловской железной дороги - филиала ОАО РЖД
Приказ Росжелдора от 31 03 2020 N 118.rtf,Приказ Росжелдора от 31.03.2020 N 118 (ред. от 22.03.2024) Об открытии железнодорожной станции Маклец Московской железной дороги - филиала ОАО РЖД
Приказ Росстандарта от 22 03 2024 N 350 ст.rtf,Приказ Росстандарта от 22.03.2024 N 350-ст О введении в действие межгосударственного стандарта
Приказ Минюста России от 22 03 2024 N 78.rtf,Приказ Минюста России от 22.03.2024 N 78 Об утверждении типовых структур федеральных бюджетных судебно-экспертных учреждений Минюста России (Зарегистрировано в Минюсте России 26.03.2024 N 77634)
Приказ ФТС России от 22 03 2024 N 260.rtf,Приказ ФТС России от 22.03.2024 N 260 Об исключении из реестра таможенных перевозчиков ООО ИЛС
Приказ Минэкономразвития России от 21 03 2024 N 162.rtf,"Приказ Минэкономразвития России от 21.03.2024 N 162 О специализированном информационном ресурсе Единый портал внешнеэкономической информации Минэкономразвития России в сети Интернет версии 2.0 (вместе с Положением о специализированном информационном ресурсе Единый портал внешнеэкономической информации Минэкономразвития России в сети Интернет версии 2.0, Регламентом информационного наполнения специализированного информационного ресурса Единый портал внешнеэкономической информации Минэкономразвития России в сети Интернет версии 2.0)"
Приказ Минюста России от 21 03 2024 N 76.rtf,Приказ Минюста России от 21.03.2024 N 76 Об утверждении формы соглашения о взаимодействии в сфере оказания бесплатной юридической помощи между государственным юридическим бюро и адвокатской палатой субъекта Российской Федерации (Зарегистрировано в Минюсте России 22.03.2024 N 77607)