filename,desc
Устав Общероссийского союза Федерация Независимых Профсоюзов России.rtf,Устав Общероссийского союза Федерация Независимых Профсоюзов России (принят Учредительным съездом профсоюзов РСФСР 23.03.1990) (ред. от 24.12.2020)
Устав Общероссийской негосударственной некоммерческой организации Федеральная палата адвокатов Российской Федерации.rtf,"Устав Общероссийской негосударственной некоммерческой организации Федеральная палата адвокатов Российской Федерации (утв. I Всероссийским съездом адвокатов 31.01.2003, протокол N 1) (ред. от 15.04.2021)"
Устав Федеральной нотариальной палаты.rtf,Устав Федеральной нотариальной палаты (утв. ФНП 22.09.1993) (ред. от 30.10.2018)
Корабельный Устав Военно Морского Флота.rtf,Корабельный Устав Военно-Морского Флота (утв. приказом Главнокомандующего Военно-Морским Флотом от 01.09.2001 N 350)
Устав Союза Беларуси и России.rtf,Устав Союза Беларуси и России (совершено в Москве 23.05.1997)
Устав Международного союза электросвязи.rtf,Устав Международного союза электросвязи (принят в г. Женеве 22.12.1992) (с изм. от 06.11.1998)
Устав Международной организации труда.rtf,Устав Международной организации труда (принят в 1919 г.) (с изм. и доп. 1972 г.)
Устав Торгово промышленной палаты Российской Федерации.rtf,Устав Торгово-промышленной палаты Российской Федерации (утв. Учредительным Съездом ТПП РСФСР 19.10.1991) (ред. от 26.02.2021)
Устав службы на судах Министерства речного флота РСФСР.rtf,Устав службы на судах Министерства речного флота РСФСР (утв. Приказом Минречфлота РСФСР от 30.03.1982 N 30) (ред. от 03.06.1998)